Start Time (s),Predicted Activity
0.00704937501,walking
4.98341575,walking
9.959773958,walking
14.93611996,jumping
19.91245358,jumping
